{
    "permissionDenied": "❌ You don't have the permission to run this command",
    "notInVocal" : "❌ You have to be in a voice channel to do this",
    "noArgsSongSearch" : "❌ You need to provide a link or some keywords",
    "nothingPlaying": "❌ There is nothing playing",
    "noSongsQueued": "❌ No songs queued",
    "cantLoop": "❌ You need to have a song playing to loop it",
    "badUrl": "❌ Invalid link provided",
    "errorJoin": "❌ A music needs to be playing for the bot to change channels",
    "noVolume": "❌ You need to provide a value for the volume",
    "nothingPlayingVolume": "❌ You need to have a song playing to change the volume",
    "toMuchArgsVolume": "❌ They are too many arguments, please provide a single number",
    "volumeToHigh": "❌ Volume can't be above 10",
    "noNumber": "❌ You need to provide number (1 being 100% about the right volume)",
    "earrapeFail": "❌ Conditions not completed in 8sec, earrape mod canceled",
    "startedPlaying": "✅ '**SONG_TITLE**' started playing\n<url>",
    "songAddedToQueue": "✅ '**SONG_TITLE**' has been added to the queue\n<url>",
    "musicStopped": "✅ Music stopped",
    "musicSkipped": "✅ Music skipped",
    "loopOn": ":repeat_one: **Enabled !**",
    "loopOff": ":repeat_one: **Disabled !**",
    "joinMsg": "✅ Joinned succesfully the voice channel",
    "volumeChanged": "✅ The volume was successfully set to VOLUME",
    "startEarrape" : "✅ The volume was successfully set to ___**EARRAPE**___ :ear: :headstone:",
    "endEarrape" : "✅ The volume was successfully set back to VOLUME",
    "musicsQueued": ":musical_note: **Musics queued** :musical_note: :",
    "earrapeWarning": "⚠ Are you sure ? It can severely damage the hearing of all people in the channel !\nPress the ✅ reaction to continue"
}